Battery Management Master,BMM1,BMM1,BMM2,BMM2,Other,Other,Other
Description,Electrics,State,Electrics,State,Other,Other,Other
Math operation,_act,Other,_act,Other,Other,Other,Other
Original Description,BMM1_Electrics_BMM1_act_P_BatteryPower_kW,BMM1_State_BMM1_flag_Charge,BMM2_Electrics_BMM2_act_P_BatteryPower_kW,BMM2_State_BMM2_flag_Charge,GPS-Speed,Latitude,Longitude
Timestamp,,,,,,,
2017-01-13 08:20:03,8.7,0.0,7.7,0.0,10.31,50909373,6961602
2017-01-13 08:20:09,-13.3,0.0,-13.7,0.0,0.0,50909410,6961627
2017-01-13 08:20:15,-13.6,0.0,-13.5,0.0,0.0,50909410,6961627
2017-01-13 08:20:21,-16.1,0.0,-16.0,0.0,0.0,50909410,6961627
2017-01-13 08:20:27,4.1,0.0,4.5,0.0,16.61,50909548,6961725
2017-01-13 08:20:33,-15.7,0.0,-15.7,0.0,0.0,50909645,6961822
2017-01-13 08:20:39,-16.2,0.0,-16.1,0.0,0.0,50909645,6961822
2017-01-13 08:20:45,-16.0,0.0,-15.9,0.0,0.0,50909645,6961822
2017-01-13 08:20:51,-15.8,0.0,-16.2,0.0,0.0,50909645,6961822
2017-01-13 08:20:57,-19.8,0.0,-22.7,0.0,0.0,50909645,6961822
2017-01-13 08:21:03,-13.7,0.0,-13.7,0.0,0.0,50909645,6961822
2017-01-13 08:21:09,-74.7,0.0,-74.2,0.0,0.0,50909645,6961822
2017-01-13 08:21:15,12.5,0.0,13.9,0.0,12.49,50909842,6962030
2017-01-13 08:21:21,-94.8,0.0,-95.5,0.0,13.81,50909978,6962135
2017-01-13 08:21:27,18.9,0.0,19.4,0.0,26.42,50910348,6962462
2017-01-13 08:21:33,0.0,0.0,-1.7,0.0,9.72,50910620,6962562
2017-01-13 08:21:39,-13.3,0.0,-13.3,0.0,0.0,50910690,6962603
2017-01-13 08:21:45,-13.3,0.0,-13.5,0.0,0.0,50910690,6962603
2017-01-13 08:21:51,-13.4,0.0,-13.5,0.0,0.0,50910690,6962603
2017-01-13 08:21:57,-13.4,0.0,-13.6,0.0,0.0,50910690,6962603
2017-01-13 08:22:03,-15.4,0.0,-15.4,0.0,0.0,50910690,6962603
2017-01-13 08:22:09,-23.1,0.0,-23.3,0.0,0.0,50910690,6962603
2017-01-13 08:22:15,-65.9,0.0,-66.7,0.0,23.04,50910920,6962632
2017-01-13 08:22:21,-2.9,0.0,0.2,0.0,24.0,50911295,6962578
2017-01-13 08:22:27,2.9,0.0,3.1,0.0,14.57,50911592,6962563
2017-01-13 08:22:33,-16.3,0.0,-16.0,0.0,0.0,50911698,6962528
2017-01-13 08:22:39,-13.7,0.0,-13.3,0.0,0.0,50911698,6962528
2017-01-13 08:22:45,-5.8,0.0,-5.5,0.0,0.0,50911698,6962528
2017-01-13 08:22:51,-2.5,0.0,-2.4,0.0,0.0,50911698,6962528
2017-01-13 08:22:57,-17.6,0.0,-18.0,0.0,0.0,50911698,6962528
2017-01-13 08:23:03,-73.6,0.0,-73.2,0.0,23.42,50911917,6962480
2017-01-13 08:23:09,-52.3,0.0,-51.7,0.0,32.78,50912338,6962392
2017-01-13 08:23:15,-68.4,0.0,-71.3,0.0,39.81,50912857,6962183
2017-01-13 08:23:21,2.1,0.0,34.8,0.0,41.94,50913470,6961970
2017-01-13 08:23:27,17.7,0.0,17.9,0.0,31.05,50913992,6961802
2017-01-13 08:23:33,-37.5,0.0,-40.8,0.0,14.03,50914297,6961730
2017-01-13 08:23:39,-33.6,0.0,-28.0,0.0,13.29,50914530,6961733
2017-01-13 08:23:45,-82.8,0.0,-83.1,0.0,25.96,50914790,6961542
2017-01-13 08:23:51,-31.3,0.0,-32.3,0.0,34.43,50915248,6961370
2017-01-13 08:23:57,13.9,0.0,13.4,0.0,26.59,50915705,6961195
2017-01-13 08:24:03,5.9,0.0,3.6,0.0,13.88,50916003,6961137
2017-01-13 08:24:09,-13.4,0.0,-13.3,0.0,0.0,50916075,6961130
2017-01-13 08:24:15,-13.3,0.0,-13.6,0.0,0.0,50916075,6961130
2017-01-13 08:24:21,-13.5,0.0,-13.3,0.0,0.0,50916075,6961130
2017-01-13 08:24:27,-13.3,0.0,-13.5,0.0,0.0,50916075,6961130
2017-01-13 08:24:33,-27.7,0.0,-28.1,0.0,0.0,50916075,6961130
2017-01-13 08:24:39,-88.5,0.0,-88.9,0.0,26.35,50916310,6961085
2017-01-13 08:24:45,16.0,0.0,16.7,0.0,26.57,50916732,6960927
2017-01-13 08:24:51,-11.4,0.0,-10.4,0.0,6.42,50916957,6960868
2017-01-13 08:24:57,-15.9,0.0,-16.1,0.0,0.0,50916963,6960870
2017-01-13 08:25:03,-16.1,0.0,-16.2,0.0,0.0,50916963,6960870
2017-01-13 08:25:09,-29.1,0.0,-28.2,0.0,0.0,50916963,6960870
2017-01-13 08:25:15,-46.9,0.0,-47.7,0.0,19.59,50917105,6960782
2017-01-13 08:25:21,-54.3,0.0,-55.0,0.0,26.68,50917442,6960673
2017-01-13 08:25:27,16.3,0.0,16.6,0.0,24.01,50917837,6960627
2017-01-13 08:25:33,5.8,0.0,6.4,0.0,16.05,50918118,6960543
2017-01-13 08:25:39,-48.5,0.0,-48.4,0.0,16.64,50918393,6960467
2017-01-13 08:25:45,37.1,0.0,33.8,0.0,18.42,50918655,6960293
2017-01-13 08:25:51,-43.5,0.0,-45.5,0.0,14.79,50918848,6960302
2017-01-13 08:25:57,-14.3,0.0,-17.6,0.0,12.52,50919065,6960243
2017-01-13 08:26:03,-65.2,0.0,-65.8,0.0,15.11,50919248,6960192
2017-01-13 08:26:09,-28.3,0.0,-26.3,0.0,23.83,50919587,6960045
2017-01-13 08:26:15,-18.0,0.0,-17.7,0.0,18.9,50919908,6959965
2017-01-13 08:26:21,1.7,0.0,1.6,0.0,13.15,50920142,6959932
2017-01-13 08:26:27,-13.5,0.0,-13.5,0.0,0.0,50920233,6959860
2017-01-13 08:26:33,-13.3,0.0,-13.5,0.0,0.0,50920233,6959860
2017-01-13 08:26:39,-13.6,0.0,-13.6,0.0,0.0,50920233,6959860
2017-01-13 08:26:45,-13.5,0.0,-13.4,0.0,0.0,50920233,6959860
2017-01-13 08:26:51,-14.9,0.0,-14.9,0.0,0.0,50920233,6959860
2017-01-13 08:26:57,-45.4,0.0,-45.9,0.0,16.64,50920370,6959813
2017-01-13 08:27:03,-17.3,0.0,-17.9,0.0,8.51,50920577,6959755
2017-01-13 08:27:09,-38.9,0.0,-39.4,0.0,11.57,50920750,6959648
2017-01-13 08:27:15,0.6,0.0,0.1,0.0,5.77,50920947,6959753
2017-01-13 08:27:21,-79.6,0.0,-80.9,0.0,10.7,50921095,6959963
2017-01-13 08:27:27,-28.9,0.0,-29.4,0.0,30.65,50921202,6960450
2017-01-13 08:27:33,-34.6,0.0,-34.6,0.0,35.59,50921327,6961240
2017-01-13 08:27:39,-5.6,0.0,-6.5,0.0,32.74,50921507,6962055
2017-01-13 08:27:45,27.3,0.0,27.3,0.0,24.87,50921603,6962742
2017-01-13 08:27:51,-2.3,0.0,-2.3,0.0,0.0,50921593,6963115
2017-01-13 08:27:57,-4.9,0.0,-4.9,0.0,0.0,50921593,6963115
2017-01-13 08:28:03,-13.5,0.0,-13.5,0.0,0.0,50921593,6963115
2017-01-13 08:28:09,-13.7,0.0,-13.6,0.0,0.0,50921593,6963115
2017-01-13 08:28:15,-13.5,0.0,-13.6,0.0,0.0,50921593,6963115
2017-01-13 08:28:21,-36.8,0.0,-35.9,0.0,0.0,50921593,6963115
2017-01-13 08:28:27,-63.7,0.0,-62.7,0.0,22.85,50921627,6963458
2017-01-13 08:28:33,8.2,0.0,8.4,0.0,22.53,50921742,6964070
2017-01-13 08:28:39,3.3,0.0,3.4,0.0,15.01,50921700,6964512
2017-01-13 08:28:45,-13.6,0.0,-13.4,0.0,0.0,50921642,6964693
2017-01-13 08:28:51,-13.4,0.0,-13.4,0.0,0.0,50921642,6964693
2017-01-13 08:28:57,-13.5,0.0,-13.7,0.0,0.0,50921642,6964693
2017-01-13 08:29:03,-13.3,0.0,-13.6,0.0,0.0,50921642,6964693
2017-01-13 08:29:09,-77.9,0.0,-79.0,0.0,14.83,50921592,6964875
2017-01-13 08:29:15,-52.8,0.0,-53.4,0.0,28.57,50921638,6965378
2017-01-13 08:29:21,15.2,0.0,15.9,0.0,28.48,50921730,6966113
2017-01-13 08:29:27,8.6,0.0,9.6,0.0,17.74,50921885,6966645
2017-01-13 08:29:33,-15.6,0.0,-15.7,0.0,0.0,50921865,6966905
2017-01-13 08:29:39,-14.2,0.0,-14.3,0.0,0.0,50921863,6966915
2017-01-13 08:29:45,-4.6,0.0,-4.6,0.0,0.0,50921863,6966915
2017-01-13 08:29:51,-4.8,0.0,-4.6,0.0,0.0,50921863,6966915
2017-01-13 08:29:57,-4.9,0.0,-4.8,0.0,0.0,50921863,6966915
2017-01-13 08:30:03,-4.9,0.0,-4.8,0.0,0.0,50921863,6966915
2017-01-13 08:30:09,-2.2,0.0,-2.2,0.0,0.0,50921863,6966915
2017-01-13 08:30:15,-2.2,0.0,-2.3,0.0,0.0,50921863,6966915
2017-01-13 08:30:21,-2.2,0.0,-2.3,0.0,0.0,50921863,6966915
2017-01-13 08:30:27,-30.7,0.0,-31.6,0.0,0.0,50921863,6966915
2017-01-13 08:30:33,-26.0,0.0,-26.9,0.0,19.96,50921963,6967257
2017-01-13 08:30:39,21.8,0.0,21.1,0.0,19.61,50922280,6967360
2017-01-13 08:30:45,-2.3,0.0,-2.3,0.0,0.0,50922475,6967292
2017-01-13 08:30:51,-2.3,0.0,-2.4,0.0,0.0,50922475,6967292
2017-01-13 08:30:57,-2.3,0.0,-2.4,0.0,0.0,50922475,6967292
2017-01-13 08:31:03,-2.5,0.0,-2.5,0.0,0.0,50922475,6967292
2017-01-13 08:31:09,-2.3,0.0,-2.5,0.0,0.0,50922475,6967292
2017-01-13 08:31:15,-50.4,0.0,-55.3,0.0,6.85,50922483,6967250
2017-01-13 08:31:21,-69.7,0.0,-70.5,0.0,23.83,50922737,6967147
2017-01-13 08:31:27,-39.5,0.0,-38.3,0.0,32.79,50923145,6966938
2017-01-13 08:31:33,-35.2,0.0,-35.8,0.0,35.4,50923615,6966628
2017-01-13 08:31:39,-9.4,0.0,-7.8,0.0,37.11,50924130,6966332
2017-01-13 08:31:45,8.1,0.0,8.2,0.0,28.22,50924520,6965928
2017-01-13 08:31:51,12.2,0.0,22.5,0.0,15.77,50924852,6965692
2017-01-13 08:31:57,-13.7,0.0,-13.7,0.0,0.0,50924930,6965628
2017-01-13 08:32:03,-13.7,0.0,-13.8,0.0,0.0,50924930,6965628
2017-01-13 08:32:09,-27.5,0.0,-29.0,0.0,0.0,50924930,6965628
2017-01-13 08:32:15,-88.9,0.0,-89.8,0.0,25.11,50925125,6965467
2017-01-13 08:32:21,-86.7,0.0,-88.9,0.0,39.09,50925560,6965075
2017-01-13 08:32:27,-82.6,0.0,-83.8,0.0,46.48,50926138,6964585
2017-01-13 08:32:33,-36.2,0.0,-36.6,0.0,48.67,50926775,6964045
2017-01-13 08:32:39,-35.8,0.0,-35.3,0.0,47.31,50927383,6963457
2017-01-13 08:32:45,7.7,0.0,12.8,0.0,45.31,50928028,6963033
2017-01-13 08:32:51,-43.6,0.0,-43.5,0.0,42.8,50928687,6962820
2017-01-13 08:32:57,-58.6,0.0,-59.4,0.0,46.39,50929355,6962805
2017-01-13 08:33:03,-38.0,0.0,-36.0,0.0,47.11,50930065,6962807
2017-01-13 08:33:09,-29.4,0.0,-29.9,0.0,47.04,50930788,6962732
2017-01-13 08:33:15,-24.2,0.0,-24.8,0.0,46.52,50931495,6962755
2017-01-13 08:33:21,32.6,0.0,33.2,0.0,37.11,50932123,6962928
2017-01-13 08:33:27,44.2,0.0,45.4,0.0,16.66,50932550,6963102
2017-01-13 08:33:33,-13.4,0.0,-13.6,0.0,0.0,50932615,6963122
2017-01-13 08:33:39,-13.5,0.0,-13.6,0.0,0.0,50932615,6963122
2017-01-13 08:33:45,-41.5,0.0,-41.0,0.0,7.14,50932632,6963138
2017-01-13 08:33:51,-85.6,0.0,-86.7,0.0,22.68,50932833,6963178
2017-01-13 08:33:57,24.8,0.0,24.5,0.0,31.39,50933283,6963180
2017-01-13 08:34:03,-70.4,0.0,-71.1,0.0,26.26,50933675,6963142
2017-01-13 08:34:09,-63.6,0.0,-63.7,0.0,34.14,50933810,6962462
2017-01-13 08:34:15,-26.5,0.0,-26.4,0.0,34.66,50933768,6961632
2017-01-13 08:34:21,18.8,0.0,19.5,0.0,27.48,50933673,6960840
2017-01-13 08:34:27,-12.6,0.0,-14.0,0.0,6.66,50933648,6960412
2017-01-13 08:34:33,-17.8,0.0,-18.2,0.0,17.89,50933693,6960092
2017-01-13 08:34:39,-67.3,0.0,-67.5,0.0,14.46,50933685,6959733
2017-01-13 08:34:45,-58.6,0.0,-59.3,0.0,26.94,50933953,6959683
2017-01-13 08:34:51,22.7,0.0,22.9,0.0,28.92,50934362,6959838
2017-01-13 08:34:57,15.6,0.0,17.2,0.0,17.02,50934655,6960055
2017-01-13 08:35:03,-13.8,0.0,-13.8,0.0,0.0,50934750,6960243
2017-01-13 08:35:09,-13.4,0.0,-13.6,0.0,0.0,50934750,6960243
2017-01-13 08:35:15,-13.4,0.0,-13.7,0.0,0.0,50934750,6960243
2017-01-13 08:35:21,-65.8,0.0,-66.2,0.0,17.31,50934845,6960343
2017-01-13 08:35:27,-41.9,0.0,-41.9,0.0,22.46,50935075,6960553
2017-01-13 08:35:33,-2.8,0.0,-3.1,0.0,14.38,50935348,6960602
2017-01-13 08:35:39,-9.4,0.0,-10.5,0.0,9.64,50935558,6960717
2017-01-13 08:35:45,-13.8,0.0,-14.3,0.0,5.31,50935625,6960573
2017-01-13 08:35:51,-16.0,0.0,-16.0,0.0,0.0,50935623,6960557
2017-01-13 08:35:57,-13.4,0.0,-13.6,0.0,0.0,50935623,6960557
2017-01-13 08:36:03,-13.4,0.0,-13.6,0.0,0.0,50935623,6960557
2017-01-13 08:36:09,-15.5,0.0,-15.5,0.0,0.0,50935623,6960557
2017-01-13 08:36:15,-15.4,0.0,-15.5,0.0,0.0,50935623,6960557
2017-01-13 08:36:21,-15.6,0.0,-15.7,0.0,0.0,50935623,6960557
2017-01-13 08:36:27,-15.6,0.0,-15.9,0.0,0.0,50935623,6960557
2017-01-13 08:36:33,-15.9,0.0,-16.0,0.0,0.0,50935623,6960557
2017-01-13 08:36:39,-35.3,0.0,-36.4,0.0,8.92,50935617,6960517
2017-01-13 08:36:45,-9.5,0.0,-9.3,0.0,12.65,50935410,6960393
2017-01-13 08:36:51,-13.3,0.0,-13.1,0.0,3.66,50935273,6960343
2017-01-13 08:36:57,-13.5,0.0,-13.5,0.0,0.0,50935267,6960343
2017-01-13 08:37:03,-13.4,0.0,-13.8,0.0,0.0,50935267,6960343
2017-01-13 08:37:09,-13.5,0.0,-13.7,0.0,0.0,50935267,6960343
2017-01-13 08:37:15,-13.5,0.0,-13.4,0.0,0.0,50935267,6960343
2017-01-13 08:37:21,-13.6,0.0,-13.6,0.0,0.0,50935267,6960343
2017-01-13 08:37:27,-13.5,0.0,-13.5,0.0,0.0,50935267,6960343
2017-01-13 08:37:33,-13.6,0.0,-13.6,0.0,0.0,50935267,6960343
2017-01-13 08:37:39,-13.5,0.0,-13.5,0.0,0.0,50935267,6960343
2017-01-13 08:37:45,-13.5,0.0,-13.6,0.0,0.0,50935267,6960343
2017-01-13 08:37:51,-13.4,0.0,-13.5,0.0,0.0,50935267,6960343
2017-01-13 08:37:57,-13.3,0.0,-13.6,0.0,0.0,50935267,6960343
2017-01-13 08:38:03,-43.3,0.0,-43.2,0.0,0.0,50935267,6960343
2017-01-13 08:38:09,-39.6,0.0,-42.7,0.0,23.28,50935110,6960555
2017-01-13 08:38:15,19.7,0.0,20.5,0.0,25.39,50934880,6961063
2017-01-13 08:38:21,10.9,0.0,8.3,0.0,18.79,50934900,6961662
2017-01-13 08:38:27,-13.2,0.0,-13.4,0.0,0.0,50934915,6961922
2017-01-13 08:38:33,-13.4,0.0,-13.5,0.0,0.0,50934915,6961922
2017-01-13 08:38:39,-13.2,0.0,-13.6,0.0,0.0,50934915,6961922
2017-01-13 08:38:45,-13.2,0.0,-13.7,0.0,0.0,50934915,6961922
2017-01-13 08:38:51,-13.2,0.0,-13.6,0.0,0.0,50934915,6961922
2017-01-13 08:38:57,-13.4,0.0,-13.6,0.0,0.0,50934915,6961922
2017-01-13 08:39:03,-13.2,0.0,-13.5,0.0,0.0,50934915,6961922
2017-01-13 08:39:09,-13.5,0.0,-13.4,0.0,0.0,50934915,6961922
2017-01-13 08:39:15,-13.5,0.0,-13.5,0.0,0.0,50934915,6961922
2017-01-13 08:39:21,-13.5,0.0,-13.5,0.0,0.0,50934915,6961922
2017-01-13 08:39:27,-13.4,0.0,-13.4,0.0,0.0,50934837,6961995
2017-01-13 08:39:33,-13.2,0.0,-13.4,0.0,0.0,50934837,6961995
2017-01-13 08:39:39,-58.8,0.0,-58.3,0.0,16.55,50934860,6962110
2017-01-13 08:39:45,10.4,0.0,10.4,0.0,19.79,50934923,6962582
2017-01-13 08:39:51,-19.9,0.0,-21.0,0.0,16.13,50934967,6962932
2017-01-13 08:39:57,-92.1,0.0,-94.8,0.0,32.57,50935248,6963168
2017-01-13 08:40:03,-66.0,0.0,-66.1,0.0,50.87,50935877,6963147
2017-01-13 08:40:09,-87.3,0.0,-90.2,0.0,54.46,50936687,6963130
2017-01-13 08:40:15,-45.1,0.0,-45.5,0.0,54.39,50937502,6963135
2017-01-13 08:40:21,-38.1,0.0,-38.5,0.0,54.33,50937555,6963137
2017-01-13 08:40:27,-29.5,0.0,-30.0,0.0,0.0,0,0
2017-01-13 08:40:33,27.5,0.0,28.0,0.0,0.0,0,0
2017-01-13 08:40:39,90.1,0.0,89.1,0.0,0.0,0,0
2017-01-13 08:40:45,-13.7,0.0,-13.9,0.0,0.0,0,0
2017-01-13 08:40:51,-13.5,0.0,-13.6,0.0,0.0,0,0
2017-01-13 08:40:57,-13.5,0.0,-13.5,0.0,23.28,50941550,6962832
2017-01-13 08:41:03,-36.9,0.0,-39.7,0.0,6.46,50941535,6962715
2017-01-13 08:41:09,-91.4,0.0,-92.4,0.0,17.37,50941682,6962485
2017-01-13 08:41:15,-52.1,0.0,-52.6,0.0,27.76,50942007,6962570
2017-01-13 08:41:21,6.7,0.0,7.1,0.0,19.72,50942438,6962568
2017-01-13 08:41:27,-16.1,0.0,-16.2,0.0,0.0,50942618,6962592
2017-01-13 08:41:33,-16.0,0.0,-16.2,0.0,0.0,50942618,6962592
2017-01-13 08:41:39,-13.3,0.0,-13.6,0.0,0.0,50942618,6962592
2017-01-13 08:41:45,-13.6,0.0,-13.6,0.0,0.0,50942618,6962592
2017-01-13 08:41:51,-13.4,0.0,-13.5,0.0,0.0,50942618,6962592
2017-01-13 08:41:57,-10.6,0.0,-11.0,0.0,0.0,50942618,6962592
2017-01-13 08:42:03,-2.4,0.0,-2.5,0.0,0.0,50942618,6962592
2017-01-13 08:42:09,-41.7,0.0,-42.9,0.0,12.83,50942722,6962597
2017-01-13 08:42:15,-22.7,0.0,-22.8,0.0,15.61,50942947,6962633
2017-01-13 08:42:21,-56.7,0.0,-56.9,0.0,22.39,50943165,6962420
2017-01-13 08:42:27,25.2,0.0,25.4,0.0,21.31,50943277,6961913
2017-01-13 08:42:33,-23.6,0.0,-29.6,0.0,7.14,50943368,6961588
2017-01-13 08:42:39,-5.7,0.0,-5.7,0.0,9.18,50943427,6961357
2017-01-13 08:42:45,-2.6,0.0,-2.4,0.0,0.0,50943458,6961230
2017-01-13 08:42:51,-8.0,0.0,-7.7,0.0,0.0,50943458,6961230
2017-01-13 08:42:57,-16.9,0.0,-16.8,0.0,0.0,50943458,6961230
2017-01-13 08:43:03,-16.8,0.0,-16.6,0.0,0.0,50943458,6961230
2017-01-13 08:43:09,90.9,0.0,92.3,0.0,0.0,50943458,6961230
2017-01-13 08:43:15,99.6,0.0,100.2,0.0,0.0,50943458,6961230
2017-01-13 08:43:21,96.3,0.0,97.1,0.0,0.0,50943458,6961230
2017-01-13 08:43:27,96.5,0.0,97.2,0.0,0.0,50943458,6961230
2017-01-13 08:43:33,94.9,0.0,96.8,0.0,0.0,50943458,6961230
2017-01-13 08:43:39,95.5,0.0,96.0,0.0,0.0,50943458,6961230
2017-01-13 08:43:45,96.2,0.0,96.9,0.0,0.0,50943458,6961230
2017-01-13 08:43:51,95.3,0.0,95.7,0.0,0.0,50943543,6961177
2017-01-13 08:43:57,95.9,0.0,96.9,0.0,0.0,50943543,6961177
2017-01-13 08:44:03,95.6,0.0,96.5,0.0,0.0,50943543,6961177
2017-01-13 08:44:09,94.6,1.0,95.7,1.0,0.0,50943543,6961177
2017-01-13 08:44:15,95.0,1.0,95.9,1.0,0.0,50943543,6961177
2017-01-13 08:44:21,96.4,1.0,95.7,1.0,0.0,50943543,6961177
2017-01-13 08:44:27,94.6,1.0,95.5,1.0,0.0,50943543,6961177
2017-01-13 08:44:33,95.3,1.0,95.6,1.0,0.0,50943543,6961177
2017-01-13 08:44:39,95.4,1.0,96.2,1.0,0.0,50943543,6961177
2017-01-13 08:44:45,95.4,1.0,95.8,1.0,0.0,50943543,6961177
2017-01-13 08:44:51,95.5,1.0,96.1,1.0,0.0,50943543,6961177
2017-01-13 08:44:57,95.0,1.0,94.9,1.0,0.0,50943543,6961177
2017-01-13 08:45:03,93.7,1.0,94.4,1.0,0.0,50943543,6961177
2017-01-13 08:45:09,94.1,1.0,94.5,1.0,0.0,50943543,6961177
2017-01-13 08:45:15,93.0,1.0,94.3,1.0,0.0,50943543,6961177
2017-01-13 08:45:21,93.6,1.0,94.3,1.0,0.0,50943543,6961177
2017-01-13 08:45:27,91.3,1.0,91.7,1.0,0.0,50943543,6961177
2017-01-13 08:45:33,90.3,1.0,89.9,1.0,0.0,50943543,6961177
2017-01-13 08:45:39,87.6,1.0,87.7,1.0,0.0,50943543,6961177
2017-01-13 08:45:45,86.3,1.0,86.7,1.0,0.0,50943543,6961177
2017-01-13 08:45:51,84.7,1.0,84.9,1.0,0.0,50943543,6961177
2017-01-13 08:45:57,83.5,1.0,83.3,1.0,0.0,50943543,6961177
2017-01-13 08:46:03,82.7,1.0,82.8,1.0,0.0,50943543,6961177
2017-01-13 08:46:09,81.1,1.0,81.5,1.0,0.0,50943543,6961177
2017-01-13 08:46:15,80.0,1.0,80.2,1.0,0.0,50943543,6961177
2017-01-13 08:46:21,79.0,1.0,79.4,1.0,0.0,50943543,6961177
2017-01-13 08:46:27,77.6,1.0,78.1,1.0,0.0,50943543,6961177
2017-01-13 08:46:33,76.6,1.0,77.3,1.0,0.0,50943543,6961177
2017-01-13 08:46:39,75.0,1.0,76.0,1.0,0.0,50943543,6961177
2017-01-13 08:46:45,74.2,1.0,74.9,1.0,0.0,50943543,6961177
2017-01-13 08:46:51,73.8,1.0,73.6,1.0,0.0,50943543,6961177
2017-01-13 08:46:57,72.4,1.0,72.6,1.0,0.01,50943477,6961082
2017-01-13 08:47:03,70.8,1.0,71.8,1.0,0.0,50943477,6961082
2017-01-13 08:47:09,70.1,1.0,70.2,1.0,0.0,50943477,6961082
2017-01-13 08:47:15,68.4,1.0,68.1,1.0,0.0,50943477,6961082
2017-01-13 08:47:21,67.9,1.0,67.8,1.0,0.0,50943477,6961082
2017-01-13 08:47:27,66.9,1.0,67.0,1.0,0.0,50943477,6961082
2017-01-13 08:47:33,65.6,1.0,66.2,1.0,0.0,50943477,6961082
2017-01-13 08:47:39,64.5,1.0,64.9,1.0,0.0,50943477,6961082
2017-01-13 08:47:45,64.2,1.0,64.1,1.0,0.0,50943477,6961082
2017-01-13 08:47:51,63.2,1.0,62.8,1.0,0.0,50943477,6961082
2017-01-13 08:47:57,61.8,1.0,62.2,1.0,0.0,50943477,6961082
2017-01-13 08:48:03,61.3,1.0,61.2,1.0,0.0,50943477,6961082
2017-01-13 08:48:09,60.8,1.0,60.4,1.0,0.0,50943477,6961082
2017-01-13 08:48:15,59.4,1.0,59.8,1.0,0.0,50943477,6961082
2017-01-13 08:48:21,58.6,1.0,58.8,1.0,0.0,50943477,6961082
2017-01-13 08:48:27,57.8,1.0,57.5,1.0,0.0,50943477,6961082
2017-01-13 08:48:33,56.8,1.0,56.7,1.0,0.0,50943477,6961082
2017-01-13 08:48:39,56.0,1.0,55.6,1.0,0.0,50943568,6961083
2017-01-13 08:48:45,55.5,1.0,54.8,1.0,0.0,50943568,6961083
2017-01-13 08:48:51,54.4,1.0,54.1,1.0,0.0,50943568,6961083
2017-01-13 08:48:57,53.9,1.0,53.7,1.0,0.0,50943568,6961083
2017-01-13 08:49:03,52.8,1.0,52.4,1.0,0.0,50943568,6961083
2017-01-13 08:49:09,51.7,1.0,52.1,1.0,0.0,50943568,6961083
2017-01-13 08:49:15,50.9,1.0,51.3,1.0,0.0,50943568,6961083
2017-01-13 08:49:21,-15.2,0.0,-15.7,0.0,0.0,50943568,6961083
2017-01-13 08:49:27,-13.1,0.0,-13.6,0.0,0.0,50943568,6961083
2017-01-13 08:49:33,-13.0,0.0,-13.5,0.0,0.0,50943568,6961083
2017-01-13 08:49:39,-13.2,0.0,-13.7,0.0,0.0,50943568,6961083
2017-01-13 08:49:45,-15.8,0.0,-15.9,0.0,0.0,50943568,6961083
2017-01-13 08:49:51,-33.5,0.0,-37.3,0.0,7.77,50943545,6961007
2017-01-13 08:49:57,-12.8,0.0,-12.6,0.0,6.5,50943582,6960822
2017-01-13 08:50:03,-45.2,0.0,-46.2,0.0,7.55,50943588,6960707
2017-01-13 08:50:09,-22.3,0.0,-23.2,0.0,7.92,50943620,6960477
2017-01-13 08:50:15,-5.4,0.0,-3.2,0.0,8.25,50943588,6960247
2017-01-13 08:50:21,-34.1,0.0,-35.3,0.0,20.0,50943482,6960407
2017-01-13 08:50:27,-7.4,0.0,-7.7,0.0,26.33,50943373,6960950
2017-01-13 08:50:33,20.0,0.0,21.3,0.0,24.59,50943217,6961507
2017-01-13 08:50:39,4.2,0.0,9.3,0.0,16.33,50943088,6961948
2017-01-13 08:50:45,-24.8,0.0,-23.5,0.0,0.0,50943057,6962200
2017-01-13 08:50:51,-46.0,0.0,-56.7,0.0,22.48,50942858,6962338
2017-01-13 08:50:57,-34.6,0.0,-35.6,0.0,32.65,50942392,6962222
2017-01-13 08:51:03,-36.1,0.0,-36.6,0.0,42.13,50941823,6962158
2017-01-13 08:51:09,-67.5,0.0,-68.3,0.0,46.13,50941153,6962165
2017-01-13 08:51:15,-57.0,0.0,-61.9,0.0,46.72,50940598,6962180
2017-01-13 08:51:21,-43.3,0.0,-41.4,0.0,46.72,50940598,6962180
2017-01-13 08:51:27,-19.0,0.0,-18.8,0.0,0.0,0,0
2017-01-13 08:51:33,-23.6,0.0,-26.4,0.0,0.0,0,0
2017-01-13 08:51:39,-17.1,0.0,-18.0,0.0,0.0,0,0
2017-01-13 08:51:45,45.7,0.0,45.8,0.0,49.67,50935488,6962975
2017-01-13 08:51:51,19.4,0.0,19.6,0.0,16.81,50935048,6962940
2017-01-13 08:51:57,-2.6,0.0,-2.7,0.0,8.43,50934992,6962740
2017-01-13 08:52:03,-2.3,0.0,-2.3,0.0,0.0,50934997,6962718
2017-01-13 08:52:09,-2.2,0.0,-2.7,0.0,0.0,50934997,6962718
2017-01-13 08:52:15,-2.3,0.0,-2.4,0.0,0.0,50934997,6962718
2017-01-13 08:52:21,-2.3,0.0,-2.3,0.0,0.0,50934997,6962718
2017-01-13 08:52:27,-2.2,0.0,-2.4,0.0,0.0,50934997,6962718
2017-01-13 08:52:33,-2.2,0.0,-2.3,0.0,0.0,50934997,6962718
2017-01-13 08:52:39,-2.2,0.0,-2.4,0.0,0.0,50934997,6962718
2017-01-13 08:52:45,-2.2,0.0,-2.4,0.0,0.0,50934997,6962718
2017-01-13 08:52:51,-2.2,0.0,-2.4,0.0,0.0,50934997,6962718
2017-01-13 08:52:57,-2.3,0.0,-2.4,0.0,0.0,50934997,6962718
2017-01-13 08:53:03,-2.5,0.0,-2.3,0.0,0.0,50934997,6962718
2017-01-13 08:53:09,-2.3,0.0,-2.4,0.0,0.0,50934997,6962718
2017-01-13 08:53:15,-80.5,0.0,-80.7,0.0,16.86,50934993,6962580
2017-01-13 08:53:21,-37.8,0.0,-38.5,0.0,33.9,50935037,6961898
2017-01-13 08:53:27,25.0,0.0,24.9,0.0,23.43,50934975,6961203
2017-01-13 08:53:33,-31.1,0.0,-31.0,0.0,21.51,50934970,6960830
2017-01-13 08:53:39,18.8,0.0,18.8,0.0,20.13,50935252,6960637
2017-01-13 08:53:45,-8.0,0.0,-7.0,0.0,14.0,50935490,6960742
2017-01-13 08:53:51,-1.3,0.0,-0.9,0.0,12.47,50935645,6960697
2017-01-13 08:53:57,-2.4,0.0,-2.6,0.0,0.0,50935653,6960560
2017-01-13 08:54:03,-2.3,0.0,-2.4,0.0,0.0,50935653,6960560
2017-01-13 08:54:09,-2.4,0.0,-2.5,0.0,0.0,50935653,6960560
2017-01-13 08:54:15,-4.3,0.0,-4.4,0.0,0.0,50935653,6960560
2017-01-13 08:54:21,4.5,0.0,14.2,0.0,17.84,50935582,6960460
2017-01-13 08:54:27,-4.8,0.0,-5.0,0.0,0.0,50935440,6960387
2017-01-13 08:54:33,-44.6,0.0,-44.7,0.0,13.34,50935388,6960392
2017-01-13 08:54:39,-44.9,0.0,-44.3,0.0,26.18,50935142,6960513
2017-01-13 08:54:45,-17.7,0.0,-22.4,0.0,30.26,50934888,6961035
2017-01-13 08:54:51,38.9,0.0,34.3,0.0,21.35,50934893,6961663
2017-01-13 08:54:57,-16.2,0.0,-16.3,0.0,0.0,50934893,6961890
2017-01-13 08:55:03,-15.9,0.0,-15.8,0.0,0.0,50934893,6961890
2017-01-13 08:55:09,-50.3,0.0,-50.5,0.0,16.86,50934882,6962013
2017-01-13 08:55:15,-0.3,0.0,-7.8,0.0,21.35,50934898,6962483
2017-01-13 08:55:21,5.8,0.0,5.8,0.0,17.01,50934847,6962895
2017-01-13 08:55:27,-88.1,0.0,-87.9,0.0,30.11,50934500,6963035
2017-01-13 08:55:33,-38.6,0.0,-39.7,0.0,36.71,50933957,6963067
2017-01-13 08:55:39,-16.2,0.0,-16.7,0.0,36.77,50933402,6963012
2017-01-13 08:55:45,53.3,0.0,55.1,0.0,27.43,50932942,6962932
2017-01-13 08:55:51,-13.5,0.0,-13.6,0.0,0.0,50932792,6962895
2017-01-13 08:55:57,-13.5,0.0,-13.5,0.0,0.0,50932792,6962895
2017-01-13 08:56:03,-13.7,0.0,-13.4,0.0,0.0,50932792,6962895
2017-01-13 08:56:09,-13.6,0.0,-13.6,0.0,0.0,50932792,6962895
2017-01-13 08:56:15,-13.4,0.0,-13.6,0.0,0.0,50932792,6962895
2017-01-13 08:56:21,-55.2,0.0,-56.6,0.0,27.63,50932780,6962883
2017-01-13 08:56:27,-71.1,0.0,-70.2,0.0,33.63,50932492,6962815
2017-01-13 08:56:33,-68.6,0.0,-68.6,0.0,32.59,50932033,6962643
2017-01-13 08:56:39,-66.0,0.0,-66.2,0.0,33.37,50931530,6962520
2017-01-13 08:56:45,-54.1,0.0,-54.2,0.0,43.38,50930935,6962553
2017-01-13 08:56:51,-48.3,0.0,-48.3,0.0,40.1,50930278,6962567
2017-01-13 08:56:57,-40.2,0.0,-41.6,0.0,46.72,50929623,6962635
2017-01-13 08:57:03,-32.7,0.0,-32.2,0.0,46.72,50928892,6962623
2017-01-13 08:57:09,-44.6,0.0,-44.3,0.0,47.48,50928187,6962735
2017-01-13 08:57:15,-39.1,0.0,-39.1,0.0,44.31,50927547,6963068
2017-01-13 08:57:21,-25.1,0.0,-25.5,0.0,50.23,50926935,6963610
2017-01-13 08:57:27,12.3,0.0,9.9,0.0,45.26,50926325,6964143
2017-01-13 08:57:33,35.6,0.0,35.9,0.0,41.32,50925762,6964635
2017-01-13 08:57:39,22.2,0.0,22.2,0.0,29.54,50925302,6965037
2017-01-13 08:57:45,6.4,0.0,5.9,0.0,10.75,50925017,6965310
2017-01-13 08:57:51,-13.6,0.0,-13.5,0.0,0.0,50924987,6965332
2017-01-13 08:57:57,-13.5,0.0,-13.4,0.0,0.0,50924987,6965332
2017-01-13 08:58:03,-86.1,0.0,-87.0,0.0,14.77,50924970,6965328
2017-01-13 08:58:09,-71.5,0.0,-70.4,0.0,30.51,50924663,6965642
2017-01-13 08:58:15,-44.9,0.0,-45.1,0.0,34.45,50924192,6966043
2017-01-13 08:58:21,20.6,0.0,20.8,0.0,27.43,50923728,6966348
2017-01-13 08:58:27,-9.6,0.0,-9.8,0.0,10.23,50923453,6966465
2017-01-13 08:58:33,-13.5,0.0,-13.5,0.0,0.0,50923437,6966468
2017-01-13 08:58:39,-13.5,0.0,-13.6,0.0,0.0,50923437,6966468
2017-01-13 08:58:45,-13.7,0.0,-13.7,0.0,0.0,50923437,6966468
2017-01-13 08:58:51,-13.6,0.0,-13.6,0.0,0.0,50923437,6966468
2017-01-13 08:58:57,-62.2,0.0,-63.3,0.0,14.0,50923348,6966485
2017-01-13 08:59:03,-15.9,0.0,-20.5,0.0,17.84,50923077,6966632
2017-01-13 08:59:09,-63.0,0.0,-63.6,0.0,22.28,50922867,6966590
2017-01-13 08:59:15,-27.9,0.0,-28.0,0.0,30.49,50922688,6966013
2017-01-13 08:59:21,11.7,0.0,11.9,0.0,23.34,50922522,6965385
2017-01-13 08:59:27,-13.4,0.0,-13.5,0.0,2.1,50922447,6965145
2017-01-13 08:59:33,-13.4,0.0,-13.5,0.0,0.0,50922447,6965145
2017-01-13 08:59:39,-13.5,0.0,-13.3,0.0,0.0,50922447,6965145
2017-01-13 08:59:45,-63.4,0.0,-64.1,0.0,9.07,50922432,6965125
2017-01-13 08:59:51,-2.7,0.0,-2.8,0.0,8.43,50922360,6964840
2017-01-13 08:59:57,-15.4,0.0,-15.6,0.0,0.0,50922357,6964798
2017-01-13 09:00:03,-15.5,0.0,-15.6,0.0,0.0,50922357,6964798
2017-01-13 09:00:09,-64.9,0.0,-66.8,0.0,11.06,50922377,6964745
2017-01-13 09:00:15,-92.0,0.0,-93.0,0.0,26.76,50922250,6964380
2017-01-13 09:00:21,-88.7,0.0,-89.6,0.0,39.33,50922028,6963642
2017-01-13 09:00:27,2.6,0.0,-7.2,0.0,46.26,50921767,6962725
2017-01-13 09:00:33,-18.8,0.0,-18.5,0.0,37.23,50921605,6961793
2017-01-13 09:00:39,22.3,0.0,22.6,0.0,33.18,50921465,6960985
2017-01-13 09:00:45,15.6,0.0,17.5,0.0,12.48,50921387,6960485
2017-01-13 09:00:51,-13.5,0.0,-13.7,0.0,0.0,50921378,6960412
2017-01-13 09:00:57,-13.7,0.0,-13.7,0.0,0.0,50921378,6960412
2017-01-13 09:01:03,-26.8,0.0,-27.9,0.0,0.0,50921378,6960412
2017-01-13 09:01:09,5.7,0.0,6.2,0.0,18.14,50921303,6960113
2017-01-13 09:01:15,-17.8,0.0,-18.1,0.0,15.13,50921228,6959797
2017-01-13 09:01:21,-44.3,0.0,-52.4,0.0,8.43,50921215,6959507
2017-01-13 09:01:27,-21.5,0.0,-21.8,0.0,10.01,50921102,6959362
2017-01-13 09:01:33,-67.7,0.0,-67.9,0.0,23.68,50920927,6959532
2017-01-13 09:01:39,-20.6,0.0,-21.1,0.0,34.42,50920435,6959743
2017-01-13 09:01:45,-25.9,0.0,-26.4,0.0,30.33,50919945,6959878
2017-01-13 09:01:51,12.3,0.0,12.4,0.0,27.43,50919482,6960067
2017-01-13 09:01:57,-61.0,0.0,-61.7,0.0,26.78,50919113,6960140
2017-01-13 09:02:03,15.3,0.0,14.4,0.0,10.23,50918770,6960237
2017-01-13 09:02:09,-45.0,0.0,-43.4,0.0,13.51,50918667,6960297
2017-01-13 09:02:15,-46.1,0.0,-46.5,0.0,13.51,50918438,6960340
2017-01-13 09:02:21,-20.4,0.0,-25.7,0.0,3.94,50918297,6960443
2017-01-13 09:02:27,-84.2,0.0,-84.8,0.0,30.69,50918052,6960505
2017-01-13 09:02:33,-20.4,0.0,-20.6,0.0,30.69,50917545,6960623
2017-01-13 09:02:39,7.0,0.0,6.9,0.0,16.81,50917202,6960732
2017-01-13 09:02:45,-15.3,0.0,-15.6,0.0,0.0,50917088,6960787
2017-01-13 09:02:51,-17.6,0.0,-17.8,0.0,0.0,50917088,6960787
2017-01-13 09:02:57,-33.7,0.0,-34.6,0.0,10.23,50917042,6960817
2017-01-13 09:03:03,-17.1,0.0,-17.5,0.0,3.94,50916928,6960868
2017-01-13 09:03:09,-61.8,0.0,-63.5,0.0,7.0,50916890,6960870
2017-01-13 09:03:15,-75.1,0.0,-76.1,0.0,16.81,50916655,6960920
2017-01-13 09:03:21,-68.5,0.0,-69.3,0.0,30.33,50916272,6960953
2017-01-13 09:03:27,-33.3,0.0,-33.8,0.0,40.92,50915738,6961052
2017-01-13 09:03:33,27.0,0.0,24.8,0.0,31.2,50915207,6961193
2017-01-13 09:03:39,-28.8,0.0,-29.4,0.0,27.43,50914805,6961350
2017-01-13 09:03:45,-49.7,0.0,-52.0,0.0,30.11,50914433,6961425
2017-01-13 09:03:51,-30.0,0.0,-30.2,0.0,31.2,50913982,6961477
2017-01-13 09:03:57,-32.4,0.0,-30.2,0.0,33.96,50913487,6961623
2017-01-13 09:04:03,-20.4,0.0,-18.7,0.0,33.96,50912995,6961777
2017-01-13 09:04:09,5.8,0.0,5.8,0.0,27.02,50912555,6961882
2017-01-13 09:04:15,3.6,0.0,3.4,0.0,16.68,50912258,6961932
2017-01-13 09:04:21,-13.4,0.0,-13.8,0.0,0.0,50912160,6961940
2017-01-13 09:04:27,-13.4,0.0,-13.6,0.0,0.0,50912160,6961940
2017-01-13 09:04:33,-77.8,0.0,-80.0,0.0,10.86,50912190,6961905
2017-01-13 09:04:39,2.8,0.0,2.8,0.0,17.21,50911937,6962002
2017-01-13 09:04:45,-14.0,0.0,-14.0,0.0,3.94,50911802,6962052
2017-01-13 09:04:51,-13.3,0.0,-13.5,0.0,0.0,50911797,6962052
2017-01-13 09:04:57,-37.9,0.0,-35.4,0.0,0.0,50911797,6962052
2017-01-13 09:05:03,-34.8,0.0,-35.4,0.0,20.46,50911587,6962115
2017-01-13 09:05:09,-8.9,0.0,-8.2,0.0,10.01,50911302,6962298
2017-01-13 09:05:15,-89.0,0.0,-91.4,0.0,17.21,50911163,6962298
2017-01-13 09:05:21,-17.8,0.0,-17.8,0.0,23.73,50910822,6962398
2017-01-13 09:05:27,-41.1,0.0,-41.5,0.0,28.7,50910470,6962438
2017-01-13 09:05:33,-94.8,0.0,-95.7,0.0,29.54,50910162,6962170
2017-01-13 09:05:39,-56.1,0.0,-56.5,0.0,40.4,50909700,6961790
2017-01-13 09:05:45,-77.4,0.0,-76.6,0.0,42.34,50909168,6961335
2017-01-13 09:05:51,-55.5,0.0,-56.4,0.0,42.34,50908617,6960878
2017-01-13 09:05:57,-3.7,0.0,-4.0,0.0,39.48,50908078,6960362
2017-01-13 09:06:03,30.7,0.0,20.6,0.0,25.63,50907617,6959990
2017-01-13 09:06:09,-13.6,0.0,-13.8,0.0,0.0,50907482,6959853
2017-01-13 09:06:15,-13.6,0.0,-13.7,0.0,0.0,50907482,6959853
2017-01-13 09:06:21,-100.3,0.0,-102.3,0.0,14.0,50907450,6959773
2017-01-13 09:06:27,-86.9,0.0,-87.3,0.0,34.45,50907142,6959530
2017-01-13 09:06:33,-35.7,0.0,-35.6,0.0,38.39,50906662,6959117
2017-01-13 09:06:39,24.7,0.0,24.4,0.0,37.4,50906162,6958697
2017-01-13 09:06:45,-72.1,0.0,-73.1,0.0,29.54,50905775,6958358
2017-01-13 09:06:51,23.5,0.0,22.5,0.0,35.0,50905347,6958037
2017-01-13 09:06:57,34.9,0.0,30.3,0.0,13.09,50905025,6957775
2017-01-13 09:07:03,-13.5,0.0,-13.7,0.0,0.0,50905003,6957718
2017-01-13 09:07:09,-13.5,0.0,-13.6,0.0,0.0,50905003,6957718
2017-01-13 09:07:15,3.7,0.0,3.5,0.0,17.84,50904923,6957590
2017-01-13 09:07:21,-13.3,0.0,-13.4,0.0,0.0,50904850,6957552
2017-01-13 09:07:27,-13.8,0.0,-14.0,0.0,0.0,50904850,6957552
2017-01-13 09:07:33,-14.1,0.0,-14.2,0.0,0.0,50904850,6957552
2017-01-13 09:07:39,-14.3,0.0,-14.2,0.0,0.0,50904850,6957552
2017-01-13 09:07:45,-57.7,0.0,-58.7,0.0,18.7,50904745,6957477
2017-01-13 09:07:51,-20.4,0.0,-20.4,0.0,22.63,50904467,6957233
2017-01-13 09:07:57,-7.6,0.0,-7.7,0.0,12.48,50904247,6957055
2017-01-13 09:08:03,-48.4,0.0,-48.7,0.0,26.57,50903993,6956790
2017-01-13 09:08:09,-47.0,0.0,-47.1,0.0,31.59,50903598,6956452
2017-01-13 09:08:15,-30.5,0.0,-31.1,0.0,37.4,50903097,6956047
2017-01-13 09:08:21,36.6,0.0,37.6,0.0,41.33,50902570,6955583
2017-01-13 09:08:27,-46.7,0.0,-47.2,0.0,41.33,50902017,6955153
2017-01-13 09:08:33,-50.6,0.0,-51.6,0.0,40.4,50901483,6954700
2017-01-13 09:08:39,-19.9,0.0,-19.2,0.0,39.48,50900963,6954242
2017-01-13 09:08:45,63.2,0.0,64.2,0.0,23.69,50900525,6953830
2017-01-13 09:08:51,-89.1,0.0,-89.9,0.0,23.45,50900372,6953482
2017-01-13 09:08:57,17.0,0.0,16.2,0.0,29.73,50900400,6952777
2017-01-13 09:09:03,-14.2,0.0,-14.2,0.0,0.0,50900432,6952423
2017-01-13 09:09:09,-13.9,0.0,-14.0,0.0,0.0,50900432,6952423
2017-01-13 09:09:15,-83.8,0.0,-84.9,0.0,7.15,50900467,6952407
2017-01-13 09:09:21,-4.9,0.0,-3.3,0.0,31.83,50900457,6951865
2017-01-13 09:09:27,-60.5,0.0,-61.0,0.0,31.65,50900468,6951235
2017-01-13 09:09:33,-54.3,0.0,-54.4,0.0,33.93,50900490,6950483
2017-01-13 09:09:39,-33.3,0.0,-37.6,0.0,36.49,50900525,6949652
2017-01-13 09:09:45,-50.3,0.0,-50.9,0.0,38.13,50900572,6948797
2017-01-13 09:09:51,-23.0,0.0,-22.9,0.0,38.57,50900638,6947887
2017-01-13 09:09:57,-24.6,0.0,-25.0,0.0,36.03,50900698,6946997
2017-01-13 09:10:03,22.4,0.0,22.3,0.0,31.65,50900737,6946177
2017-01-13 09:10:09,-0.1,0.0,-0.4,0.0,25.63,50900790,6945677
2017-01-13 09:10:15,-38.7,0.0,-38.5,0.0,18.15,50900837,6945392
2017-01-13 09:10:21,-16.8,0.0,-13.3,0.0,23.21,50900917,6945003
2017-01-13 09:10:27,-14.1,0.0,-14.3,0.0,0.0,50901020,6944768
2017-01-13 09:10:33,-13.9,0.0,-14.1,0.0,0.0,50901020,6944768
2017-01-13 09:10:39,-14.0,0.0,-14.0,0.0,0.0,50901020,6944768
2017-01-13 09:10:45,-15.8,0.0,-15.9,0.0,0.0,50901020,6944768
2017-01-13 09:10:51,-19.4,0.0,-23.2,0.0,18.99,50901103,6944502
2017-01-13 09:10:57,-25.5,0.0,-25.6,0.0,12.66,50901103,6944098
2017-01-13 09:11:03,-17.9,0.0,-18.3,0.0,10.86,50901020,6943865
2017-01-13 09:11:09,-9.5,0.0,-5.7,0.0,15.79,50900750,6943923
2017-01-13 09:11:15,-17.0,0.0,-14.7,0.0,15.14,50900602,6944197
2017-01-13 09:11:21,-13.5,0.0,-13.0,0.0,8.44,50900562,6944477
2017-01-13 09:11:27,-13.8,0.0,-13.8,0.0,0.0,50900555,6944518
2017-01-13 09:11:33,-13.6,0.0,-13.6,0.0,0.0,50900555,6944518
2017-01-13 09:11:39,-16.8,0.0,-16.9,0.0,0.0,50900555,6944518
2017-01-13 09:11:45,-16.7,0.0,-16.8,0.0,0.0,50900555,6944518
2017-01-13 09:11:51,-16.8,0.0,-16.8,0.0,0.0,50900555,6944518
2017-01-13 09:11:57,-17.6,0.0,-17.7,0.0,0.0,50900555,6944518
2017-01-13 09:12:03,-20.1,0.0,-20.3,0.0,0.0,50900555,6944518
2017-01-13 09:12:09,-20.1,0.0,-20.1,0.0,0.0,50900555,6944518
2017-01-13 09:12:15,-20.4,0.0,-20.3,0.0,0.0,50900555,6944518
2017-01-13 09:12:21,-20.5,0.0,-20.4,0.0,0.0,50900555,6944518
2017-01-13 09:12:27,-20.5,0.0,-20.7,0.0,0.0,50900555,6944518
2017-01-13 09:12:33,-20.5,0.0,-20.6,0.0,0.0,50900555,6944518
2017-01-13 09:12:39,-20.8,0.0,-20.8,0.0,0.0,50900555,6944518
2017-01-13 09:12:45,-19.8,0.0,-19.8,0.0,0.0,50900555,6944518
2017-01-13 09:12:51,-15.6,0.0,-15.7,0.0,0.0,50900555,6944518
2017-01-13 09:12:57,-15.6,0.0,-15.4,0.0,0.0,50900555,6944518
2017-01-13 09:13:03,-15.7,0.0,-15.6,0.0,0.0,50900555,6944518
2017-01-13 09:13:09,-15.5,0.0,-15.6,0.0,0.0,50900555,6944518
2017-01-13 09:13:15,-18.5,0.0,-18.6,0.0,0.0,50900555,6944518
2017-01-13 09:13:21,-18.7,0.0,-18.8,0.0,0.0,50900555,6944518
2017-01-13 09:13:27,-18.6,0.0,-18.6,0.0,0.0,50900555,6944518
2017-01-13 09:13:33,-18.7,0.0,-18.7,0.0,0.0,50900555,6944518
2017-01-13 09:13:39,-19.7,0.0,-19.8,0.0,0.0,50900555,6944518
2017-01-13 09:13:45,-20.5,0.0,-20.6,0.0,0.0,50900555,6944518
2017-01-13 09:13:51,-20.5,0.0,-20.6,0.0,0.0,50900555,6944518
2017-01-13 09:13:57,-20.4,0.0,-20.6,0.0,0.0,50900555,6944518
2017-01-13 09:14:03,-20.3,0.0,-20.5,0.0,0.0,50900555,6944518
2017-01-13 09:14:09,-20.4,0.0,-20.5,0.0,0.0,50900555,6944518
2017-01-13 09:14:15,-20.4,0.0,-20.5,0.0,0.0,50900555,6944518
2017-01-13 09:14:21,-20.6,0.0,-20.4,0.0,0.0,50900555,6944518
2017-01-13 09:14:27,-18.3,0.0,-18.3,0.0,0.0,50900555,6944518
2017-01-13 09:14:33,-18.0,0.0,-18.1,0.0,0.0,50900555,6944518
2017-01-13 09:14:39,-17.7,0.0,-17.8,0.0,0.0,50900555,6944518
2017-01-13 09:14:45,-17.6,0.0,-17.8,0.0,0.0,50900555,6944518
2017-01-13 09:14:51,-17.4,0.0,-17.4,0.0,0.0,50900555,6944518
2017-01-13 09:14:57,-17.2,0.0,-17.2,0.0,0.0,50900555,6944518
